{
  "best_model": "bidirectional_gru",
  "best_dataset": "selected",
  "num_classes": 7,
  "class_names": [
    "Insufficient_Weight",
    "Normal_Weight",
    "Obesity_Type_I",
    "Obesity_Type_II",
    "Obesity_Type_III",
    "Overweight_Level_I",
    "Overweight_Level_II"
  ],
  "results_before_grid_search": {
    "val_accuracy": 0.9808306709265175,
    "val_balanced_accuracy": 0.9794931529049509,
    "val_f1_macro": 0.9794608495319916,
    "test_accuracy": 0.9745222929936306,
    "test_balanced_accuracy": 0.9730802583343507,
    "test_f1_macro": 0.9729422263384199,
    "test_f1_weighted": 0.974273705474443,
    "test_f1_per_class": [
      0.9876543209876543,
      0.963855421686747,
      0.9904761904761905,
      0.989010989010989,
      1.0,
      0.9230769230769231,
      0.9565217391304348
    ]
  },
  "grid_search_params": {
    "gru_units_1": 64,
    "gru_units_2": 64,
    "dropout": 0.4,
    "learning_rate": 0.001
  },
  "results_after_grid_search": {
    "val_accuracy": 0.9840255591054313,
    "val_balanced_accuracy": 0.9829813320677108,
    "val_f1_macro": 0.9828216828900235,
    "test_accuracy": 0.964968152866242,
    "test_balanced_accuracy": 0.9625401886479396,
    "test_f1_macro": 0.9625085308479494,
    "test_f1_weighted": 0.9646507953756747,
    "test_f1_per_class": [
      0.975,
      0.9411764705882353,
      0.9904761904761905,
      1.0,
      1.0,
      0.8947368421052632,
      0.9361702127659575
    ]
  },
  "improvement": {
    "accuracy_percentage": -0.980392156862745,
    "balanced_accuracy_percentage": -1.0831655041951964,
    "f1_macro_percentage": -1.0723859246747602
  },
  "all_models_comparison": [
    {
      "dataset": "selected",
      "model": "bidirectional_gru",
      "train_acc": 0.9773972602739726,
      "train_balanced_acc": 0.976590239852772,
      "train_f1": 0.9764116451822369,
      "val_acc": 0.9808306709265175,
      "val_balanced_acc": 0.9794931529049509,
      "val_f1": 0.9794608495319916
    },
    {
      "dataset": "original",
      "model": "bidirectional_gru",
      "train_acc": 0.9842465753424657,
      "train_balanced_acc": 0.9841316113556405,
      "train_f1": 0.9838889661541046,
      "val_acc": 0.9712460063897763,
      "val_balanced_acc": 0.9702297780023049,
      "val_f1": 0.9699971916018665
    },
    {
      "dataset": "selected_scaled",
      "model": "bidirectional_gru",
      "train_acc": 0.9856164383561644,
      "train_balanced_acc": 0.984974725528551,
      "train_f1": 0.9848367781107166,
      "val_acc": 0.9680511182108626,
      "val_balanced_acc": 0.9661106094924261,
      "val_f1": 0.966287731427745
    },
    {
      "dataset": "original_scaled",
      "model": "bidirectional_gru",
      "train_acc": 0.986986301369863,
      "train_balanced_acc": 0.9862500913599076,
      "train_f1": 0.9862321106687963,
      "val_acc": 0.9584664536741214,
      "val_balanced_acc": 0.95731426536803,
      "val_f1": 0.95710793940496
    },
    {
      "dataset": "selected_scaled",
      "model": "dense",
      "train_acc": 0.9931506849315068,
      "train_balanced_acc": 0.9928234293426513,
      "train_f1": 0.9926976790642819,
      "val_acc": 0.9584664536741214,
      "val_balanced_acc": 0.9565333692062283,
      "val_f1": 0.9562433163192161
    },
    {
      "dataset": "original_scaled",
      "model": "dense",
      "train_acc": 0.9965753424657534,
      "train_balanced_acc": 0.9964280382999594,
      "train_f1": 0.996332878907762,
      "val_acc": 0.9456869009584664,
      "val_balanced_acc": 0.9422062604584279,
      "val_f1": 0.9424437721280788
    },
    {
      "dataset": "original",
      "model": "dense",
      "train_acc": 0.1678082191780822,
      "train_balanced_acc": 0.14285714285714285,
      "train_f1": 0.04105571847507332,
      "val_acc": 0.16932907348242812,
      "val_balanced_acc": 0.14285714285714285,
      "val_f1": 0.04137392661982826
    },
    {
      "dataset": "selected",
      "model": "dense",
      "train_acc": 0.1678082191780822,
      "train_balanced_acc": 0.14285714285714285,
      "train_f1": 0.04105571847507332,
      "val_acc": 0.16932907348242812,
      "val_balanced_acc": 0.14285714285714285,
      "val_f1": 0.04137392661982826
    }
  ]
}